timestamp,open,high,low,close
2025-06-20 14:02:00,15404069.0,15422230.0,15404069.0,15422230.0
2025-06-20 14:03:00,15422230.0,15427566.0,15413500.0,15421200.0
2025-06-20 14:04:00,15421200.0,15430000.0,15421200.0,15427999.0
2025-06-20 14:05:00,15427999.0,15430000.0,15417504.0,15425202.0
2025-06-20 14:06:00,15425202.0,15425202.0,15416660.0,15416876.0
2025-06-20 14:09:00,15404700.0,15416600.0,15400863.0,15416600.0
2025-06-20 14:10:00,15411199.0,15411199.0,15382172.0,15382172.0
2025-06-20 14:11:00,15394700.0,15401621.0,15380001.0,15382458.0
2025-06-20 14:12:00,15382458.0,15403300.0,15382458.0,15400000.0
2025-06-20 14:13:00,15400000.0,15400994.0,15396100.0,15396100.0
2025-06-20 14:14:00,15396100.0,15396538.0,15392013.0,15392032.0
2025-06-20 14:15:00,15392032.0,15404000.0,15392032.0,15404000.0
2025-06-20 14:16:00,15404000.0,15404000.0,15392033.0,15392033.0
2025-06-20 14:17:00,15393101.0,15393485.0,15384700.0,15385344.0
2025-06-20 14:18:00,15385344.0,15389114.0,15384905.0,15389114.0
2025-06-20 14:19:00,15389114.0,15418500.0,15389114.0,15418292.0
2025-06-20 14:20:00,15418292.0,15425139.0,15409901.0,15425139.0
2025-06-20 14:21:00,15425139.0,15425299.0,15414301.0,15416000.0
2025-06-20 14:22:00,15416000.0,15417876.0,15412200.0,15417876.0
2025-06-20 14:23:00,15417876.0,15417876.0,15380097.0,15381000.0
2025-06-20 14:24:00,15378041.0,15378041.0,15354000.0,15361187.0
2025-06-20 14:25:00,15354000.0,15359802.0,15343516.0,15359802.0
2025-06-20 14:26:00,15359802.0,15359802.0,15348147.0,15348147.0
2025-06-20 14:27:00,15348147.0,15368687.0,15343412.0,15362735.0
2025-06-20 14:28:00,15362735.0,15376761.0,15362735.0,15365099.0
2025-06-20 14:29:00,15380000.0,15380000.0,15365195.0,15371935.0
2025-06-20 14:30:00,15371935.0,15374861.0,15364895.0,15364895.0
2025-06-20 14:31:00,15364895.0,15365199.0,15357300.0,15357300.0
2025-06-20 14:32:00,15357300.0,15367016.0,15352317.0,15352317.0
2025-06-20 14:33:00,15352317.0,15357550.0,15349849.0,15352801.0
2025-06-20 14:34:00,15352801.0,15352801.0,15345660.0,15345660.0
2025-06-20 14:35:00,15342204.0,15347300.0,15340000.0,15347300.0
2025-06-20 14:36:00,15347300.0,15347300.0,15346698.0,15346698.0
2025-06-20 14:37:00,15346698.0,15370387.0,15346698.0,15370387.0
2025-06-20 14:38:00,15370387.0,15393042.0,15370387.0,15393042.0
2025-06-20 14:39:00,15393042.0,15393042.0,15389897.0,15389897.0
2025-06-20 14:40:00,15389897.0,15389897.0,15353300.0,15353300.0
2025-06-20 14:41:00,15362000.0,15362000.0,15344001.0,15344001.0
2025-06-20 14:42:00,15346995.0,15346995.0,15300001.0,15300001.0
2025-06-20 14:43:00,15300001.0,15327172.0,15300001.0,15326151.0
2025-06-20 14:44:00,15326151.0,15326151.0,15300000.0,15307223.0
2025-06-20 14:45:00,15300000.0,15309523.0,15300000.0,15300000.0
2025-06-20 14:46:00,15300000.0,15311073.0,15300000.0,15311073.0
2025-06-20 14:47:00,15311073.0,15312402.0,15307276.0,15307276.0
2025-06-20 14:48:00,15307276.0,15307276.0,15301716.0,15305718.0
2025-06-20 14:49:00,15305718.0,15305718.0,15280001.0,15280008.0
2025-06-20 14:50:00,15280008.0,15280008.0,15250000.0,15250000.0
2025-06-20 14:51:00,15246000.0,15246000.0,15228600.0,15230004.0
2025-06-20 14:52:00,15230004.0,15240969.0,15227200.0,15228800.0
2025-06-20 14:53:00,15228346.0,15231208.0,15215450.0,15220966.0
2025-06-20 14:54:00,15213700.0,15219895.0,15206900.0,15206900.0
2025-06-20 14:55:00,15206900.0,15207900.0,15180000.0,15207900.0
2025-06-20 14:56:00,15207900.0,15209872.0,15190700.0,15192929.0
2025-06-20 14:57:00,15189860.0,15201391.0,15186818.0,15195006.0
2025-06-20 14:58:00,15195006.0,15211504.0,15191422.0,15191422.0
2025-06-20 14:59:00,15198600.0,15199244.0,15170200.0,15185616.0
2025-06-20 15:00:00,15185616.0,15191944.0,15175000.0,15191944.0
2025-06-20 15:01:00,15183634.0,15195606.0,15180437.0,15188214.0
2025-06-20 15:02:00,15190100.0,15207993.0,15190100.0,15206592.0
2025-06-20 15:03:00,15206803.0,15236749.0,15206803.0,15228646.0
2025-06-20 15:04:00,15215200.0,15220444.0,15203640.0,15208859.0
2025-06-20 15:05:00,15208859.0,15230013.0,15198761.0,15218900.0
2025-06-20 15:06:00,15218900.0,15231200.0,15218900.0,15231200.0
2025-06-20 15:07:00,15231200.0,15240388.0,15219200.0,15231000.0
2025-06-20 15:08:00,15222946.0,15225801.0,15217333.0,15217641.0
2025-06-20 15:09:00,15217708.0,15235780.0,15217708.0,15221061.0
2025-06-20 15:10:00,15221061.0,15245000.0,15221061.0,15241735.0
2025-06-20 15:11:00,15240398.0,15250991.0,15225000.0,15230402.0
2025-06-20 15:12:00,15230402.0,15239983.0,15226500.0,15231688.0
2025-06-20 15:13:00,15236065.0,15236065.0,15229272.0,15229272.0
2025-06-20 15:14:00,15229272.0,15233700.0,15225000.0,15229298.0
2025-06-20 15:15:00,15230400.0,15234000.0,15220700.0,15234000.0
2025-06-20 15:16:00,15234705.0,15235002.0,15220000.0,15220000.0
2025-06-20 15:17:00,15217031.0,15234164.0,15217031.0,15233739.0
2025-06-20 15:18:00,15233739.0,15233739.0,15230200.0,15230200.0
2025-06-20 15:19:00,15230200.0,15232220.0,15228748.0,15230776.0
2025-06-20 15:20:00,15230776.0,15233615.0,15228162.0,15233174.0
2025-06-20 15:21:00,15240705.0,15240705.0,15234603.0,15238662.0
2025-06-20 15:22:00,15238662.0,15238662.0,15222900.0,15222900.0
2025-06-20 15:23:00,15222900.0,15230805.0,15222900.0,15230805.0
2025-06-20 15:24:00,15230805.0,15239000.0,15230805.0,15237013.0
2025-06-20 15:25:00,15237013.0,15237013.0,15221402.0,15234647.0
2025-06-20 15:26:00,15234647.0,15234647.0,15224955.0,15234198.0
2025-06-20 15:27:00,15234198.0,15238998.0,15234198.0,15235907.0
2025-06-20 15:28:00,15236274.0,15242100.0,15236274.0,15241983.0
2025-06-20 15:29:00,15241983.0,15245800.0,15226015.0,15227915.0
2025-06-20 15:30:00,15232238.0,15239687.0,15231687.0,15232411.0
2025-06-20 15:31:00,15232411.0,15234247.0,15226412.0,15232010.0
2025-06-20 15:32:00,15239290.0,15239290.0,15223600.0,15234304.0
2025-06-20 15:33:00,15233900.0,15233903.0,15216301.0,15216301.0
2025-06-20 15:34:00,15216362.0,15223701.0,15216362.0,15223701.0
2025-06-20 15:35:00,15228267.0,15228267.0,15201170.0,15206139.0
2025-06-20 15:36:00,15206139.0,15229714.0,15206139.0,15225249.0
2025-06-20 15:37:00,15225249.0,15250991.0,15225249.0,15250991.0
2025-06-20 15:38:00,15250991.0,15262129.0,15250991.0,15254990.0
2025-06-20 15:39:00,15254990.0,15261126.0,15254990.0,15256000.0
2025-06-20 15:40:00,15250002.0,15257185.0,15244709.0,15244709.0
2025-06-20 15:41:00,15244709.0,15257095.0,15244709.0,15257095.0
2025-06-20 15:42:00,15257095.0,15265594.0,15257095.0,15265594.0
2025-06-20 15:43:00,15265594.0,15272967.0,15265594.0,15266300.0
2025-06-20 15:44:00,15266300.0,15290385.0,15266300.0,15288000.0
2025-06-20 15:45:00,15288000.0,15288000.0,15266814.0,15266818.0
2025-06-20 15:46:00,15266818.0,15273159.0,15260701.0,15260817.0
2025-06-20 15:47:00,15260817.0,15263835.0,15260817.0,15263503.0
2025-06-20 15:48:00,15269891.0,15269891.0,15256100.0,15258601.0
2025-06-20 15:49:00,15258802.0,15265479.0,15258802.0,15265101.0
2025-06-20 15:50:00,15265101.0,15265274.0,15257371.0,15262274.0
2025-06-20 15:51:00,15262274.0,15262274.0,15248408.0,15248408.0
2025-06-20 15:52:00,15248408.0,15248408.0,15246798.0,15248408.0
2025-06-20 15:53:00,15248408.0,15250000.0,15240000.0,15240000.0
2025-06-20 15:54:00,15240000.0,15246700.0,15220841.0,15222301.0
2025-06-20 15:55:00,15222301.0,15228303.0,15222301.0,15227829.0
2025-06-20 15:56:00,15227829.0,15245704.0,15227194.0,15245704.0
2025-06-20 15:57:00,15250799.0,15250799.0,15241010.0,15244497.0
2025-06-20 15:58:00,15239599.0,15245074.0,15239106.0,15239106.0
2025-06-20 15:59:00,15239106.0,15239106.0,15230808.0,15231219.0
2025-06-20 16:00:00,15231219.0,15237200.0,15231219.0,15235800.0
2025-06-20 16:01:00,15235800.0,15237300.0,15228700.0,15228700.0
2025-06-20 16:02:00,15228700.0,15238481.0,15228012.0,15228012.0
2025-06-20 16:03:00,15229101.0,15235695.0,15223091.0,15235695.0
2025-06-20 16:04:00,15235695.0,15235695.0,15228806.0,15228806.0
2025-06-20 16:05:00,15224060.0,15232000.0,15220100.0,15220606.0
2025-06-20 16:06:00,15220606.0,15222203.0,15216327.0,15218203.0
2025-06-20 16:07:00,15218203.0,15222694.0,15212039.0,15215800.0
2025-06-20 16:08:00,15212834.0,15220000.0,15212834.0,15220000.0
2025-06-20 16:09:00,15213800.0,15223269.0,15212376.0,15217032.0
2025-06-20 16:10:00,15217032.0,15229281.0,15217032.0,15229281.0
2025-06-20 16:11:00,15229171.0,15234280.0,15229171.0,15231598.0
2025-06-20 16:12:00,15231598.0,15231598.0,15215200.0,15215200.0
2025-06-20 16:13:00,15214103.0,15216004.0,15214100.0,15214316.0
2025-06-20 16:14:00,15214316.0,15214418.0,15208360.0,15212278.0
2025-06-20 16:15:00,15212278.0,15212278.0,15202528.0,15210000.0
2025-06-20 16:16:00,15210000.0,15210000.0,15189158.0,15200278.0
2025-06-20 16:17:00,15200278.0,15210707.0,15200275.0,15210707.0
2025-06-20 16:18:00,15210707.0,15212373.0,15210707.0,15212370.0
2025-06-20 16:19:00,15212370.0,15223054.0,15212370.0,15219701.0
2025-06-20 16:20:00,15219701.0,15219701.0,15209707.0,15210000.0
2025-06-20 16:21:00,15210000.0,15210100.0,15207745.0,15208606.0
2025-06-20 16:22:00,15208200.0,15208200.0,15190253.0,15202763.0
2025-06-20 16:23:00,15202763.0,15207009.0,15202500.0,15204266.0
2025-06-20 16:24:00,15204265.0,15228653.0,15204265.0,15228653.0
2025-06-20 16:25:00,15228653.0,15229131.0,15216291.0,15226013.0
2025-06-20 16:26:00,15228061.0,15233213.0,15228061.0,15233213.0
2025-06-20 16:27:00,15233213.0,15233213.0,15224688.0,15224688.0
2025-06-20 16:28:00,15224688.0,15224688.0,15208794.0,15208794.0
2025-06-20 16:29:00,15208794.0,15213760.0,15207165.0,15213758.0
2025-06-20 16:30:00,15213320.0,15213320.0,15208221.0,15211581.0
2025-06-20 16:31:00,15211581.0,15213751.0,15211581.0,15213751.0
2025-06-20 16:32:00,15213751.0,15226507.0,15213672.0,15213672.0
2025-06-20 16:33:00,15211504.0,15214398.0,15211504.0,15214398.0
2025-06-20 16:34:00,15214398.0,15220620.0,15214398.0,15216624.0
2025-06-20 16:35:00,15216624.0,15217200.0,15213978.0,15216419.0
2025-06-20 16:36:00,15216419.0,15217998.0,15216419.0,15216921.0
2025-06-20 16:37:00,15216753.0,15216753.0,15198701.0,15203412.0
2025-06-20 16:38:00,15203412.0,15208300.0,15191800.0,15191840.0
2025-06-20 16:39:00,15191840.0,15196297.0,15183600.0,15183600.0
2025-06-20 16:40:00,15180427.0,15187200.0,15179043.0,15185903.0
2025-06-20 16:41:00,15185903.0,15185903.0,15174600.0,15178200.0
2025-06-20 16:42:00,15178200.0,15178200.0,15167283.0,15167901.0
2025-06-20 16:43:00,15167901.0,15179883.0,15166171.0,15176501.0
2025-06-20 16:44:00,15176501.0,15176501.0,15161200.0,15161200.0
2025-06-20 16:45:00,15161200.0,15170100.0,15157989.0,15170100.0
2025-06-20 16:46:00,15170100.0,15171579.0,15168171.0,15168171.0
2025-06-20 16:47:00,15161840.0,15161840.0,15150000.0,15150000.0
2025-06-20 16:48:00,15145200.0,15153018.0,15144103.0,15144103.0
2025-06-20 16:49:00,15144108.0,15151798.0,15144108.0,15151283.0
2025-06-20 16:50:00,15150398.0,15150398.0,15141403.0,15147461.0
2025-06-20 16:51:00,15147398.0,15152298.0,15143045.0,15152298.0
2025-06-20 16:52:00,15155303.0,15160496.0,15152988.0,15154453.0
2025-06-20 16:53:00,15154453.0,15155937.0,15140000.0,15152174.0
2025-06-20 16:54:00,15152174.0,15175621.0,15152174.0,15175569.0
2025-06-20 16:55:00,15175569.0,15181680.0,15169449.0,15178754.0
2025-06-20 16:56:00,15172801.0,15173761.0,15168000.0,15168000.0
2025-06-20 16:57:00,15168000.0,15172085.0,15168000.0,15172085.0
2025-06-20 16:58:00,15172085.0,15175100.0,15156835.0,15156835.0
2025-06-20 16:59:00,15156835.0,15156835.0,15144591.0,15144591.0
2025-06-20 17:00:00,15144591.0,15162037.0,15144591.0,15162037.0
2025-06-20 17:01:00,15162035.0,15164100.0,15159592.0,15162197.0
2025-06-20 17:02:00,15162197.0,15162197.0,15152500.0,15160898.0
2025-06-20 17:03:00,15160898.0,15160898.0,15150200.0,15150500.0
2025-06-20 17:04:00,15150500.0,15150500.0,15148810.0,15148810.0
2025-06-20 17:05:00,15148810.0,15148810.0,15135000.0,15135000.0
2025-06-20 17:06:00,15135000.0,15135000.0,15123145.0,15126495.0
2025-06-20 17:07:00,15126495.0,15136530.0,15121128.0,15136530.0
2025-06-20 17:08:00,15136530.0,15141500.0,15132852.0,15136087.0
2025-06-20 17:09:00,15136087.0,15149373.0,15111111.0,15111111.0
2025-06-20 17:10:00,15124898.0,15130290.0,15124586.0,15129598.0
2025-06-20 17:11:00,15129598.0,15129598.0,15123717.0,15126396.0
2025-06-20 17:12:00,15126396.0,15132096.0,15125598.0,15129093.0
2025-06-20 17:13:00,15128898.0,15128898.0,15117000.0,15126793.0
2025-06-20 17:14:00,15128497.0,15128497.0,15126334.0,15126396.0
2025-06-20 17:15:00,15126396.0,15129113.0,15111700.0,15124716.0
2025-06-20 17:16:00,15124716.0,15124716.0,15112400.0,15122000.0
2025-06-20 17:17:00,15119000.0,15123200.0,15118681.0,15123200.0
2025-06-20 17:18:00,15123183.0,15123183.0,15111800.0,15112012.0
2025-06-20 17:19:00,15112033.0,15112033.0,15060000.0,15068591.0
2025-06-20 17:20:00,15063599.0,15072170.0,15032899.0,15032899.0
2025-06-20 17:21:00,15037719.0,15048823.0,15030300.0,15037599.0
2025-06-20 17:22:00,15032503.0,15046047.0,15030785.0,15036762.0
2025-06-20 17:23:00,15030000.0,15030000.0,15011326.0,15013988.0
2025-06-20 17:24:00,15012490.0,15034000.0,15007184.0,15033700.0
2025-06-20 17:25:00,15033576.0,15037300.0,15016926.0,15037300.0
2025-06-20 17:26:00,15037300.0,15037300.0,15015000.0,15015000.0
2025-06-20 17:27:00,15013000.0,15026599.0,15005432.0,15023980.0
2025-06-20 17:28:00,15011605.0,15036258.0,15011346.0,15015000.0
2025-06-20 17:29:00,15015000.0,15049384.0,15015000.0,15049245.0
2025-06-20 17:30:00,15021513.0,15036598.0,15021513.0,15022286.0
2025-06-20 17:31:00,15016750.0,15026688.0,15007500.0,15024200.0
2025-06-20 17:32:00,15024200.0,15024200.0,15007101.0,15023993.0
2025-06-20 17:33:00,15023964.0,15024000.0,15010003.0,15010003.0
2025-06-20 17:34:00,15019547.0,15019547.0,15005273.0,15011596.0
2025-06-20 17:35:00,15011596.0,15014495.0,14992521.0,14998667.0
2025-06-20 17:36:00,15009092.0,15009092.0,14990000.0,14990000.0
2025-06-20 17:37:00,14990000.0,14995632.0,14958100.0,14967881.0
2025-06-20 17:38:00,14958403.0,14985760.0,14958403.0,14975079.0
2025-06-20 17:39:00,14966507.0,14981100.0,14964200.0,14981100.0
2025-06-20 17:40:00,14981100.0,14987200.0,14965609.0,14975100.0
2025-06-20 17:41:00,14975100.0,15005799.0,14975100.0,15005799.0
2025-06-20 17:42:00,15005799.0,15042000.0,15005799.0,15041800.0
2025-06-20 17:43:00,15041800.0,15049689.0,15040000.0,15040000.0
2025-06-20 17:44:00,15040000.0,15046024.0,15040000.0,15046000.0
2025-06-20 17:45:00,15046000.0,15061606.0,15046000.0,15056000.0
2025-06-20 17:46:00,15056002.0,15062161.0,15041944.0,15050000.0
2025-06-20 17:47:00,15050000.0,15053896.0,15050000.0,15053697.0
2025-06-20 17:48:00,15053697.0,15064386.0,15050215.0,15056263.0
2025-06-20 17:49:00,15048675.0,15060174.0,15040000.0,15060174.0
2025-06-20 17:50:00,15056610.0,15060500.0,15040801.0,15047103.0
2025-06-20 17:51:00,15047103.0,15052258.0,15033920.0,15033920.0
2025-06-20 17:52:00,15033108.0,15036670.0,15015259.0,15036670.0
2025-06-20 17:53:00,15036670.0,15042833.0,15013486.0,15041600.0
2025-06-20 17:54:00,15041600.0,15048288.0,15041600.0,15045057.0
2025-06-20 17:55:00,15045057.0,15051487.0,15039300.0,15040600.0
2025-06-20 17:56:00,15040600.0,15053500.0,15039215.0,15039215.0
2025-06-20 17:57:00,15039215.0,15079454.0,15039215.0,15077463.0
2025-06-20 17:58:00,15072216.0,15088024.0,15072216.0,15088024.0
2025-06-20 17:59:00,15082769.0,15110800.0,15082769.0,15102464.0
2025-06-20 18:00:00,15092800.0,15101900.0,15083208.0,15088598.0
2025-06-20 18:01:00,15088598.0,15090799.0,15081803.0,15085340.0
2025-06-20 18:02:00,15080000.0,15089996.0,15080000.0,15089322.0
2025-06-20 18:03:00,15074200.0,15074200.0,15064399.0,15073170.0
2025-06-20 18:04:00,15073170.0,15084798.0,15070000.0,15071106.0
2025-06-20 18:05:00,15071106.0,15075786.0,15060778.0,15074895.0
2025-06-20 18:06:00,15074895.0,15092048.0,15074895.0,15089186.0
2025-06-20 18:07:00,15089186.0,15089186.0,15074895.0,15084768.0
2025-06-20 18:08:00,15084768.0,15084768.0,15073939.0,15084733.0
2025-06-20 18:09:00,15084733.0,15085522.0,15084100.0,15085522.0
2025-06-20 18:10:00,15085522.0,15098514.0,15085522.0,15098514.0
2025-06-20 18:11:00,15099300.0,15105976.0,15093700.0,15105976.0
2025-06-20 18:12:00,15105976.0,15107500.0,15080000.0,15080000.0
2025-06-20 18:13:00,15074465.0,15074680.0,15074465.0,15074680.0
2025-06-20 18:14:00,15074680.0,15084583.0,15074680.0,15084583.0
2025-06-20 18:15:00,15084583.0,15086626.0,15079005.0,15081107.0
2025-06-20 18:16:00,15081107.0,15083739.0,15081107.0,15083739.0
2025-06-20 18:17:00,15083739.0,15105357.0,15083739.0,15102296.0
2025-06-20 18:18:00,15102296.0,15112218.0,15102291.0,15109996.0
2025-06-20 18:19:00,15109996.0,15117428.0,15109996.0,15117428.0
2025-06-20 18:20:00,15117428.0,15118933.0,15095936.0,15096764.0
2025-06-20 18:21:00,15096764.0,15096951.0,15094158.0,15094187.0
2025-06-20 18:22:00,15094187.0,15100598.0,15094187.0,15100598.0
2025-06-20 18:23:00,15100598.0,15102499.0,15094808.0,15094808.0
2025-06-20 18:24:00,15094807.0,15094807.0,15071202.0,15079995.0
2025-06-20 18:25:00,15079995.0,15080010.0,15079995.0,15079995.0
2025-06-20 18:26:00,15077008.0,15092300.0,15071104.0,15092300.0
2025-06-20 18:27:00,15086258.0,15086258.0,15079700.0,15079700.0
2025-06-20 18:28:00,15079700.0,15079700.0,15060035.0,15077844.0
2025-06-20 18:29:00,15077844.0,15077956.0,15076563.0,15077956.0
2025-06-20 18:30:00,15077956.0,15079699.0,15077956.0,15079699.0
2025-06-20 18:31:00,15079699.0,15079699.0,15079699.0,15079699.0
2025-06-20 18:32:00,15092300.0,15102200.0,15089098.0,15101998.0
2025-06-20 18:33:00,15101998.0,15104564.0,15092839.0,15102258.0
2025-06-20 18:34:00,15102258.0,15102258.0,15088500.0,15094488.0
2025-06-20 18:35:00,15094488.0,15097500.0,15092818.0,15097500.0
2025-06-20 18:36:00,15099400.0,15103798.0,15098307.0,15101372.0
2025-06-20 18:37:00,15101372.0,15101372.0,15093814.0,15095600.0
2025-06-20 18:38:00,15095600.0,15095600.0,15081603.0,15087980.0
2025-06-20 18:39:00,15087980.0,15091899.0,15087980.0,15091577.0
2025-06-20 18:40:00,15091577.0,15091577.0,15079571.0,15083898.0
2025-06-20 18:41:00,15083898.0,15089757.0,15082942.0,15089505.0
2025-06-20 18:42:00,15089505.0,15093084.0,15087200.0,15087200.0
2025-06-20 18:43:00,15087200.0,15087200.0,15083933.0,15083933.0
2025-06-20 18:44:00,15083933.0,15083933.0,15081603.0,15083000.0
2025-06-20 18:45:00,15083000.0,15097658.0,15083000.0,15097658.0
2025-06-20 18:46:00,15097658.0,15108000.0,15097658.0,15108000.0
2025-06-20 18:47:00,15108000.0,15110300.0,15108000.0,15110001.0
2025-06-20 18:48:00,15110001.0,15110001.0,15104700.0,15108699.0
2025-06-20 18:49:00,15108699.0,15108699.0,15104300.0,15104300.0
2025-06-20 18:50:00,15104300.0,15104300.0,15091087.0,15101123.0
2025-06-20 18:51:00,15101123.0,15101123.0,15096072.0,15096072.0
2025-06-20 18:52:00,15096072.0,15103888.0,15096072.0,15100297.0
2025-06-20 18:53:00,15102121.0,15102121.0,15099706.0,15101996.0
2025-06-20 18:54:00,15101996.0,15109296.0,15101996.0,15109204.0
2025-06-20 18:55:00,15109204.0,15109204.0,15109204.0,15109204.0
2025-06-20 18:56:00,15109204.0,15109204.0,15096719.0,15101700.0
2025-06-20 18:57:00,15101700.0,15103093.0,15096001.0,15102297.0
2025-06-20 18:58:00,15102297.0,15102297.0,15090000.0,15090000.0
2025-06-20 18:59:00,15090000.0,15090000.0,15088131.0,15088131.0
2025-06-20 19:00:00,15088131.0,15088131.0,15088131.0,15088131.0
2025-06-20 19:01:00,15088131.0,15088131.0,15088131.0,15088131.0
2025-06-20 19:02:00,15088131.0,15088131.0,15088131.0,15088131.0
2025-06-20 19:03:00,15088131.0,15088131.0,15088131.0,15088131.0
2025-06-20 19:04:00,15088131.0,15088131.0,15088131.0,15088131.0
2025-06-20 19:05:00,15088131.0,15088131.0,15088131.0,15088131.0
2025-06-20 19:06:00,15088131.0,15088131.0,15088131.0,15088131.0
2025-06-20 19:07:00,15088131.0,15088131.0,15088131.0,15088131.0
2025-06-20 19:08:00,15088131.0,15088131.0,15088131.0,15088131.0
2025-06-20 19:09:00,15088131.0,15088131.0,15088131.0,15088131.0
2025-06-20 19:10:00,15088131.0,15088131.0,15088131.0,15088131.0
2025-06-20 19:11:00,15088131.0,15088131.0,15088131.0,15088131.0
2025-06-20 19:12:00,15087749.0,15096897.0,15080000.0,15095889.0
2025-06-20 19:13:00,15095889.0,15095889.0,15090000.0,15093022.0
2025-06-20 19:14:00,15093022.0,15093022.0,15070639.0,15075749.0
2025-06-20 19:15:00,15074546.0,15077600.0,15067507.0,15077600.0
2025-06-20 19:16:00,15080000.0,15091100.0,15080000.0,15090800.0
2025-06-20 19:17:00,15090800.0,15093599.0,15090800.0,15093599.0
2025-06-20 19:18:00,15093599.0,15093599.0,15084513.0,15085109.0
2025-06-20 19:19:00,15086430.0,15093967.0,15086430.0,15090874.0
2025-06-20 19:20:00,15090874.0,15090874.0,15086297.0,15086297.0
2025-06-20 19:21:00,15086297.0,15091000.0,15082599.0,15082599.0
2025-06-20 19:22:00,15082599.0,15087143.0,15082599.0,15087143.0
2025-06-20 19:23:00,15087285.0,15095349.0,15087285.0,15092699.0
2025-06-20 19:24:00,15092699.0,15092699.0,15085603.0,15085603.0
2025-06-20 19:25:00,15085603.0,15090583.0,15078836.0,15090583.0
2025-06-20 19:26:00,15090489.0,15090489.0,15089329.0,15089329.0
2025-06-20 19:27:00,15089329.0,15089329.0,15080420.0,15086687.0
2025-06-20 19:28:00,15086687.0,15086687.0,15075101.0,15076507.0
2025-06-20 19:29:00,15076507.0,15083644.0,15076507.0,15083644.0
2025-06-20 19:30:00,15083644.0,15103133.0,15083644.0,15103133.0
2025-06-20 19:31:00,15103133.0,15114960.0,15103133.0,15114664.0
2025-06-20 19:32:00,15115099.0,15115823.0,15107076.0,15113100.0
2025-06-20 19:33:00,15113100.0,15113100.0,15105670.0,15105749.0
2025-06-20 19:34:00,15105749.0,15107523.0,15104820.0,15107523.0
2025-06-20 19:35:00,15107523.0,15113900.0,15107523.0,15113900.0
2025-06-20 19:36:00,15113900.0,15116899.0,15113900.0,15116444.0
2025-06-20 19:37:00,15117809.0,15117809.0,15105000.0,15109256.0
2025-06-20 19:38:00,15109256.0,15113375.0,15102890.0,15102890.0
2025-06-20 19:39:00,15106653.0,15110263.0,15106653.0,15110263.0
2025-06-20 19:40:00,15110406.0,15118292.0,15110406.0,15113690.0
2025-06-20 19:41:00,15113690.0,15113690.0,15112213.0,15112213.0
2025-06-20 19:42:00,15112213.0,15116700.0,15111899.0,15116700.0
2025-06-20 19:43:00,15116700.0,15120797.0,15116700.0,15118592.0
2025-06-20 19:44:00,15118592.0,15118592.0,15118000.0,15118000.0
2025-06-20 19:45:00,15118000.0,15119000.0,15116097.0,15117499.0
2025-06-20 19:46:00,15117499.0,15136199.0,15117497.0,15133019.0
2025-06-20 19:47:00,15133019.0,15133723.0,15133017.0,15133017.0
2025-06-20 19:48:00,15133017.0,15139565.0,15128077.0,15128108.0
2025-06-20 19:49:00,15128108.0,15130000.0,15128108.0,15130000.0
2025-06-20 19:50:00,15130000.0,15130000.0,15123797.0,15123797.0
2025-06-20 19:51:00,15114250.0,15117801.0,15114250.0,15117801.0
2025-06-20 19:52:00,15117801.0,15129322.0,15117801.0,15129322.0
2025-06-20 19:53:00,15129322.0,15129322.0,15120566.0,15120566.0
2025-06-20 19:54:00,15120566.0,15131804.0,15120566.0,15131804.0
2025-06-20 19:55:00,15137994.0,15151624.0,15137994.0,15151624.0
2025-06-20 19:56:00,15151624.0,15154662.0,15149500.0,15152116.0
2025-06-20 19:57:00,15151678.0,15157388.0,15145297.0,15157388.0
2025-06-20 19:58:00,15157388.0,15157388.0,15149609.0,15150748.0
2025-06-20 19:59:00,15150748.0,15150748.0,15136600.0,15136600.0
2025-06-20 20:00:00,15136600.0,15145523.0,15134989.0,15145523.0
2025-06-20 20:01:00,15145523.0,15146253.0,15145523.0,15146253.0
2025-06-20 20:02:00,15156100.0,15157900.0,15147226.0,15153770.0
2025-06-20 20:03:00,15153770.0,15157349.0,15150700.0,15151602.0
2025-06-20 20:04:00,15151602.0,15155794.0,15151602.0,15155794.0
2025-06-20 20:05:00,15155794.0,15155794.0,15155794.0,15155794.0
2025-06-20 20:06:00,15159318.0,15171946.0,15159318.0,15171792.0
2025-06-20 20:07:00,15171792.0,15175300.0,15171792.0,15172597.0
2025-06-20 20:08:00,15172597.0,15172597.0,15153663.0,15153664.0
2025-06-20 20:09:00,15153664.0,15160599.0,15153664.0,15154700.0
2025-06-20 20:10:00,15154700.0,15154700.0,15146812.0,15146812.0
2025-06-20 20:11:00,15146812.0,15154702.0,15146812.0,15154702.0
2025-06-20 20:12:00,15154702.0,15170300.0,15154702.0,15165902.0
2025-06-20 20:13:00,15165902.0,15166100.0,15165400.0,15165400.0
2025-06-20 20:14:00,15165400.0,15173481.0,15165400.0,15166337.0
2025-06-20 20:15:00,15166337.0,15169101.0,15165381.0,15167600.0
2025-06-20 20:16:00,15167600.0,15197800.0,15167600.0,15186145.0
2025-06-20 20:17:00,15186145.0,15199000.0,15186145.0,15199000.0
2025-06-20 20:18:00,15199000.0,15199000.0,15160001.0,15160928.0
2025-06-20 20:19:00,15160928.0,15165699.0,15160928.0,15164136.0
2025-06-20 20:20:00,15164136.0,15164136.0,15155603.0,15160545.0
2025-06-20 20:21:00,15160545.0,15160545.0,15144600.0,15148946.0
2025-06-20 20:22:00,15148946.0,15149100.0,15141501.0,15143000.0
2025-06-20 20:23:00,15143000.0,15144207.0,15143000.0,15144207.0
2025-06-20 20:24:00,15144207.0,15150299.0,15144207.0,15150187.0
2025-06-20 20:25:00,15150187.0,15150500.0,15150187.0,15150500.0
2025-06-20 20:26:00,15150500.0,15159701.0,15150500.0,15159701.0
2025-06-20 20:27:00,15159701.0,15159701.0,15159701.0,15159701.0
2025-06-20 20:28:00,15159701.0,15165103.0,15159701.0,15162882.0
2025-06-20 20:29:00,15162882.0,15170412.0,15162882.0,15170412.0
2025-06-20 20:30:00,15170412.0,15173195.0,15170096.0,15173195.0
2025-06-20 20:31:00,15173195.0,15179100.0,15172408.0,15176975.0
2025-06-20 20:32:00,15176975.0,15177081.0,15172800.0,15172800.0
2025-06-20 20:33:00,15172800.0,15172800.0,15170000.0,15170000.0
2025-06-20 20:34:00,15170000.0,15170000.0,15167603.0,15167603.0
2025-06-20 20:35:00,15167603.0,15168909.0,15167603.0,15168909.0
2025-06-20 20:36:00,15168918.0,15180000.0,15168918.0,15180000.0
2025-06-20 20:37:00,15180000.0,15180000.0,15176319.0,15176806.0
2025-06-20 20:38:00,15176806.0,15176806.0,15175081.0,15175084.0
2025-06-20 20:39:00,15175084.0,15175084.0,15175031.0,15175034.0
2025-06-20 20:40:00,15175031.0,15175600.0,15169994.0,15169994.0
2025-06-20 20:41:00,15170205.0,15174500.0,15170205.0,15174500.0
2025-06-20 20:42:00,15175601.0,15182900.0,15175601.0,15182900.0
2025-06-20 20:43:00,15182599.0,15182599.0,15179798.0,15180000.0
2025-06-20 20:44:00,15180000.0,15180812.0,15175945.0,15176803.0
2025-06-20 20:45:00,15176803.0,15186749.0,15176803.0,15186749.0
2025-06-20 20:46:00,15190000.0,15190000.0,15186185.0,15186185.0
2025-06-20 20:47:00,15186185.0,15186185.0,15179537.0,15179537.0
2025-06-20 20:48:00,15179537.0,15184554.0,15178117.0,15184554.0
2025-06-20 20:49:00,15183788.0,15183788.0,15183745.0,15183745.0
2025-06-20 20:50:00,15183745.0,15185000.0,15181921.0,15185000.0
2025-06-20 20:51:00,15188391.0,15189538.0,15188391.0,15189319.0
2025-06-20 20:52:00,15189319.0,15190760.0,15186000.0,15186000.0
2025-06-20 20:53:00,15186000.0,15187841.0,15184941.0,15184941.0
2025-06-20 20:54:00,15181600.0,15182344.0,15172830.0,15178717.0
2025-06-20 20:55:00,15178717.0,15186184.0,15178717.0,15183743.0
2025-06-20 20:56:00,15183743.0,15187703.0,15183743.0,15187703.0
2025-06-20 20:57:00,15187703.0,15190465.0,15187703.0,15187891.0
2025-06-20 20:58:00,15187891.0,15192162.0,15185709.0,15192162.0
2025-06-20 20:59:00,15192162.0,15192162.0,15179817.0,15179919.0
2025-06-20 21:00:00,15179929.0,15183352.0,15174800.0,15174800.0
2025-06-20 21:01:00,15174806.0,15174806.0,15171703.0,15171703.0
2025-06-20 21:02:00,15171703.0,15171703.0,15170000.0,15171501.0
2025-06-20 21:03:00,15171501.0,15171501.0,15160000.0,15160000.0
2025-06-20 21:04:00,15160000.0,15161796.0,15153000.0,15153000.0
2025-06-20 21:05:00,15153000.0,15153000.0,15149898.0,15149898.0
2025-06-20 21:06:00,15149898.0,15149898.0,15149898.0,15149898.0
2025-06-20 21:07:00,15149898.0,15163682.0,15149898.0,15163682.0
2025-06-20 21:08:00,15163682.0,15166667.0,15155891.0,15158735.0
2025-06-20 21:09:00,15158735.0,15162132.0,15158735.0,15162131.0
2025-06-20 21:10:00,15162131.0,15162131.0,15152861.0,15155730.0
2025-06-20 21:11:00,15155730.0,15161384.0,15153800.0,15161263.0
2025-06-20 21:12:00,15161263.0,15161263.0,15153112.0,15159400.0
2025-06-20 21:13:00,15159400.0,15161080.0,15155600.0,15155600.0
2025-06-20 21:14:00,15155600.0,15156700.0,15154708.0,15154708.0
2025-06-20 21:15:00,15154708.0,15167505.0,15154708.0,15167483.0
2025-06-20 21:16:00,15167483.0,15168000.0,15161000.0,15161000.0
2025-06-20 21:17:00,15161000.0,15161000.0,15150015.0,15150015.0
2025-06-20 21:18:00,15150015.0,15161303.0,15150015.0,15161303.0
2025-06-20 21:19:00,15161303.0,15161678.0,15157294.0,15160781.0
2025-06-20 21:20:00,15159297.0,15159299.0,15152700.0,15159299.0
2025-06-20 21:21:00,15159299.0,15163284.0,15156800.0,15160083.0
2025-06-20 21:22:00,15160083.0,15160083.0,15152585.0,15154773.0
2025-06-20 21:23:00,15150003.0,15150003.0,15134552.0,15144302.0
2025-06-20 21:24:00,15144302.0,15155497.0,15144302.0,15155497.0
2025-06-20 21:25:00,15137571.0,15137571.0,15137571.0,15137571.0
2025-06-20 21:26:00,15137571.0,15152500.0,15137571.0,15152500.0
2025-06-20 21:27:00,15152500.0,15162971.0,15152500.0,15153803.0
2025-06-20 21:28:00,15153803.0,15156412.0,15148522.0,15154899.0
2025-06-20 21:29:00,15154899.0,15155143.0,15150889.0,15150889.0
2025-06-20 21:30:00,15150889.0,15150889.0,15150832.0,15150832.0
2025-06-20 21:31:00,15150832.0,15156000.0,15150832.0,15155500.0
2025-06-20 21:32:00,15155500.0,15164006.0,15155500.0,15158302.0
2025-06-20 21:33:00,15158302.0,15158302.0,15158302.0,15158302.0
2025-06-20 21:34:00,15158302.0,15163094.0,15158302.0,15161587.0
2025-06-20 21:35:00,15161587.0,15164500.0,15161587.0,15164287.0
2025-06-20 21:36:00,15164287.0,15164287.0,15164287.0,15164287.0
2025-06-20 21:37:00,15164287.0,15164287.0,15158303.0,15158303.0
2025-06-20 21:38:00,15158303.0,15158303.0,15156800.0,15156800.0
2025-06-20 21:39:00,15156800.0,15161700.0,15156800.0,15161600.0
2025-06-20 21:40:00,15161600.0,15161600.0,15161300.0,15161300.0
2025-06-20 21:41:00,15161300.0,15163600.0,15157400.0,15157400.0
2025-06-20 21:42:00,15157400.0,15159123.0,15157400.0,15159123.0
2025-06-20 21:43:00,15159123.0,15162584.0,15157695.0,15157695.0
2025-06-20 21:44:00,15170000.0,15170586.0,15159826.0,15170583.0
2025-06-20 21:45:00,15170583.0,15170583.0,15168798.0,15170300.0
2025-06-20 21:46:00,15170300.0,15171651.0,15165757.0,15171651.0
2025-06-20 21:47:00,15171651.0,15174630.0,15169900.0,15171696.0
2025-06-20 21:48:00,15171696.0,15179200.0,15171696.0,15171699.0
2025-06-20 21:49:00,15170728.0,15171212.0,15169196.0,15169196.0
2025-06-20 21:50:00,15169196.0,15169196.0,15164399.0,15164399.0
2025-06-20 21:51:00,15164399.0,15168200.0,15150000.0,15151697.0
2025-06-20 21:52:00,15151697.0,15151697.0,15151697.0,15151697.0
2025-06-20 21:53:00,15151697.0,15151697.0,15151697.0,15151697.0
2025-06-20 21:54:00,15151697.0,15156199.0,15148500.0,15152300.0
2025-06-20 21:55:00,15152300.0,15152300.0,15152300.0,15152300.0
2025-06-20 21:56:00,15152300.0,15152300.0,15152300.0,15152300.0
2025-06-20 21:57:00,15152300.0,15164797.0,15152300.0,15164797.0
2025-06-20 21:58:00,15164797.0,15164797.0,15159610.0,15159610.0
2025-06-20 21:59:00,15159610.0,15159610.0,15153501.0,15153501.0
2025-06-20 22:00:00,15153501.0,15161433.0,15153501.0,15160800.0
2025-06-20 22:01:00,15160800.0,15160800.0,15152401.0,15152401.0
2025-06-20 22:02:00,15152401.0,15152401.0,15146492.0,15146492.0
2025-06-20 22:03:00,15146492.0,15149901.0,15146492.0,15149901.0
2025-06-20 22:04:00,15149901.0,15149901.0,15139997.0,15139997.0
2025-06-20 22:05:00,15139997.0,15141225.0,15125730.0,15132293.0
2025-06-20 22:06:00,15132293.0,15132293.0,15121000.0,15129077.0
2025-06-20 22:07:00,15129077.0,15134184.0,15115946.0,15134158.0
2025-06-20 22:08:00,15134158.0,15134158.0,15121301.0,15127727.0
2025-06-20 22:09:00,15126212.0,15126218.0,15120100.0,15122803.0
2025-06-20 22:10:00,15122903.0,15126000.0,15122803.0,15125401.0
2025-06-20 22:11:00,15125401.0,15130031.0,15125401.0,15130031.0
2025-06-20 22:12:00,15130031.0,15134780.0,15130031.0,15134780.0
2025-06-20 22:13:00,15134780.0,15134780.0,15127200.0,15128702.0
2025-06-20 22:14:00,15128702.0,15128702.0,15125708.0,15125708.0
2025-06-20 22:15:00,15125708.0,15130031.0,15122671.0,15122671.0
2025-06-20 22:16:00,15120040.0,15125401.0,15120040.0,15125401.0
2025-06-20 22:17:00,15125401.0,15127260.0,15118700.0,15127260.0
2025-06-20 22:18:00,15127260.0,15127260.0,15118905.0,15126098.0
2025-06-20 22:19:00,15126098.0,15126098.0,15100000.0,15105911.0
2025-06-20 22:20:00,15108200.0,15121265.0,15108200.0,15121183.0
2025-06-20 22:21:00,15121125.0,15121125.0,15120874.0,15120874.0
2025-06-20 22:22:00,15120874.0,15128100.0,15120756.0,15124300.0
2025-06-20 22:23:00,15124300.0,15126321.0,15124300.0,15126321.0
2025-06-20 22:24:00,15126321.0,15126321.0,15122400.0,15122400.0
2025-06-20 22:25:00,15122400.0,15122400.0,15111833.0,15112500.0
2025-06-20 22:26:00,15112500.0,15114117.0,15112500.0,15114117.0
2025-06-20 22:27:00,15114117.0,15116505.0,15114117.0,15116505.0
2025-06-20 22:28:00,15118501.0,15123249.0,15118501.0,15123249.0
2025-06-20 22:29:00,15123249.0,15123249.0,15110035.0,15112407.0
2025-06-20 22:30:00,15112407.0,15119300.0,15112401.0,15118894.0
2025-06-20 22:31:00,15118078.0,15119511.0,15117297.0,15119511.0
2025-06-20 22:32:00,15119511.0,15119511.0,15119511.0,15119511.0
2025-06-20 22:33:00,15119511.0,15121918.0,15119511.0,15121918.0
2025-06-20 22:34:00,15121918.0,15128100.0,15121918.0,15125498.0
2025-06-20 22:35:00,15125498.0,15126200.0,15125498.0,15126200.0
2025-06-20 22:36:00,15126200.0,15126511.0,15121800.0,15126511.0
2025-06-20 22:37:00,15126511.0,15126511.0,15119822.0,15119822.0
2025-06-20 22:38:00,15119822.0,15119822.0,15112338.0,15112338.0
2025-06-20 22:39:00,15112338.0,15112338.0,15103638.0,15105000.0
2025-06-20 22:40:00,15105000.0,15107000.0,15103390.0,15106900.0
2025-06-20 22:41:00,15106900.0,15106900.0,15100700.0,15101100.0
2025-06-20 22:42:00,15101100.0,15101100.0,15094200.0,15094201.0
2025-06-20 22:43:00,15094201.0,15106464.0,15094201.0,15106464.0
2025-06-20 22:44:00,15104950.0,15114300.0,15104950.0,15111490.0
2025-06-20 22:45:00,15111490.0,15111490.0,15101384.0,15101384.0
2025-06-20 22:46:00,15101384.0,15101384.0,15094800.0,15095000.0
2025-06-20 22:47:00,15095000.0,15095000.0,15083300.0,15087793.0
2025-06-20 22:48:00,15091513.0,15097097.0,15087010.0,15097097.0
2025-06-20 22:49:00,15097097.0,15102000.0,15087110.0,15087110.0
2025-06-20 22:50:00,15087110.0,15095183.0,15087110.0,15094781.0
2025-06-20 22:51:00,15094781.0,15094781.0,15088495.0,15092115.0
2025-06-20 22:52:00,15092115.0,15103800.0,15092115.0,15101948.0
2025-06-20 22:53:00,15101948.0,15101948.0,15088788.0,15088788.0
2025-06-20 22:54:00,15088788.0,15090600.0,15082562.0,15090600.0
2025-06-20 22:55:00,15090600.0,15098246.0,15090600.0,15097599.0
2025-06-20 22:56:00,15097599.0,15099897.0,15095000.0,15099894.0
2025-06-20 22:57:00,15099894.0,15100303.0,15099894.0,15100303.0
2025-06-20 22:58:00,15100303.0,15102823.0,15099566.0,15102823.0
2025-06-20 22:59:00,15102823.0,15102823.0,15096600.0,15100796.0
2025-06-20 23:00:00,15100796.0,15102098.0,15100000.0,15102098.0
2025-06-20 23:01:00,15102098.0,15102098.0,15089000.0,15091761.0
2025-06-20 23:02:00,15091761.0,15092303.0,15086900.0,15091761.0
2025-06-20 23:03:00,15091761.0,15093444.0,15085400.0,15091499.0
2025-06-20 23:04:00,15091499.0,15097100.0,15091499.0,15093796.0
2025-06-20 23:05:00,15093797.0,15096014.0,15082724.0,15096014.0
2025-06-20 23:06:00,15096014.0,15098300.0,15096014.0,15098300.0
2025-06-20 23:07:00,15098300.0,15106357.0,15098300.0,15106347.0
2025-06-20 23:08:00,15106347.0,15114859.0,15106347.0,15111596.0
2025-06-20 23:09:00,15111596.0,15115868.0,15111596.0,15115864.0
2025-06-20 23:10:00,15115864.0,15115864.0,15113669.0,15113696.0
2025-06-20 23:11:00,15113696.0,15115551.0,15112591.0,15112596.0
2025-06-20 23:12:00,15112434.0,15112434.0,15110899.0,15110899.0
2025-06-20 23:13:00,15110715.0,15111081.0,15108000.0,15108013.0
2025-06-20 23:14:00,15107923.0,15107923.0,15098252.0,15100491.0
2025-06-20 23:15:00,15100491.0,15100700.0,15095910.0,15100700.0
2025-06-20 23:16:00,15100700.0,15105747.0,15100700.0,15104585.0
2025-06-20 23:17:00,15100900.0,15107586.0,15100900.0,15107000.0
2025-06-20 23:18:00,15107000.0,15110897.0,15106998.0,15110895.0
2025-06-20 23:19:00,15110895.0,15111641.0,15107803.0,15107803.0
2025-06-20 23:20:00,15107803.0,15112500.0,15107803.0,15112500.0
2025-06-20 23:21:00,15111081.0,15111081.0,15111081.0,15111081.0
2025-06-20 23:22:00,15111081.0,15117897.0,15111081.0,15117897.0
2025-06-20 23:23:00,15117897.0,15118597.0,15116600.0,15116600.0
2025-06-20 23:24:00,15116600.0,15119100.0,15112453.0,15119100.0
2025-06-20 23:25:00,15118999.0,15118999.0,15117498.0,15117498.0
2025-06-20 23:26:00,15117498.0,15117498.0,15117000.0,15117000.0
2025-06-20 23:27:00,15117000.0,15117000.0,15114203.0,15114203.0
2025-06-20 23:28:00,15114203.0,15114203.0,15114203.0,15114203.0
2025-06-20 23:29:00,15114203.0,15118800.0,15114203.0,15118800.0
2025-06-20 23:30:00,15118800.0,15119999.0,15118800.0,15119999.0
2025-06-20 23:31:00,15119999.0,15124000.0,15119999.0,15124000.0
2025-06-20 23:32:00,15124000.0,15124000.0,15124000.0,15124000.0
2025-06-20 23:33:00,15124000.0,15125800.0,15124000.0,15125800.0
2025-06-20 23:34:00,15125800.0,15131484.0,15125800.0,15131316.0
2025-06-20 23:35:00,15131316.0,15131316.0,15124805.0,15130800.0
2025-06-20 23:36:00,15130800.0,15131000.0,15128900.0,15128900.0
2025-06-20 23:37:00,15128900.0,15128900.0,15123700.0,15123700.0
2025-06-20 23:38:00,15123700.0,15125600.0,15123700.0,15125600.0
2025-06-20 23:39:00,15125600.0,15125600.0,15122103.0,15122103.0
2025-06-20 23:40:00,15122103.0,15123603.0,15122100.0,15123603.0
2025-06-20 23:41:00,15123603.0,15128399.0,15123603.0,15127400.0
2025-06-20 23:42:00,15127400.0,15127400.0,15127400.0,15127400.0
2025-06-20 23:43:00,15127400.0,15128099.0,15127400.0,15128099.0
2025-06-20 23:44:00,15128099.0,15128682.0,15128099.0,15128682.0
2025-06-20 23:45:00,15128682.0,15132000.0,15128682.0,15132000.0
2025-06-20 23:46:00,15132000.0,15135299.0,15132000.0,15135299.0
2025-06-20 23:47:00,15135299.0,15135299.0,15133100.0,15133100.0
2025-06-20 23:48:00,15133100.0,15134973.0,15125900.0,15128003.0
2025-06-20 23:49:00,15128003.0,15128003.0,15128003.0,15128003.0
2025-06-20 23:50:00,15131291.0,15131291.0,15128697.0,15128697.0
2025-06-20 23:51:00,15128697.0,15128697.0,15126582.0,15126582.0
2025-06-20 23:52:00,15126582.0,15126582.0,15126582.0,15126582.0
2025-06-20 23:53:00,15126582.0,15126582.0,15124703.0,15126500.0
2025-06-20 23:54:00,15126500.0,15127400.0,15126500.0,15127400.0
2025-06-20 23:55:00,15127400.0,15129800.0,15126600.0,15129797.0
2025-06-20 23:56:00,15131400.0,15131400.0,15129903.0,15130500.0
2025-06-20 23:57:00,15130500.0,15131400.0,15127000.0,15127200.0
2025-06-20 23:58:00,15131397.0,15131397.0,15129198.0,15129384.0
2025-06-20 23:59:00,15129384.0,15131600.0,15127000.0,15127168.0
2025-06-21 00:00:00,15127168.0,15127168.0,15123724.0,15127165.0
2025-06-21 00:01:00,15123415.0,15123415.0,15114698.0,15120007.0
2025-06-21 00:02:00,15120037.0,15120616.0,15120037.0,15120616.0
2025-06-21 00:03:00,15120616.0,15126606.0,15120616.0,15124679.0
2025-06-21 00:04:00,15124679.0,15124679.0,15123699.0,15123699.0
2025-06-21 00:05:00,15123699.0,15123699.0,15120240.0,15120243.0
2025-06-21 00:06:00,15120243.0,15120243.0,15116589.0,15118415.0
2025-06-21 00:07:00,15118415.0,15118415.0,15117196.0,15117196.0
2025-06-21 00:08:00,15117196.0,15117196.0,15100500.0,15112847.0
2025-06-21 00:09:00,15112847.0,15124999.0,15112845.0,15124999.0
2025-06-21 00:10:00,15124999.0,15124999.0,15122675.0,15122675.0
2025-06-21 00:11:00,15122675.0,15122675.0,15109006.0,15109324.0
2025-06-21 00:12:00,15109324.0,15109399.0,15104202.0,15104435.0
2025-06-21 00:13:00,15104435.0,15110397.0,15104435.0,15109081.0
2025-06-21 00:14:00,15109074.0,15109074.0,15105399.0,15105399.0
2025-06-21 00:15:00,15105399.0,15105399.0,15105399.0,15105399.0
2025-06-21 00:16:00,15105399.0,15105399.0,15099999.0,15099999.0
2025-06-21 00:17:00,15099999.0,15107598.0,15099999.0,15107579.0
2025-06-21 00:18:00,15107579.0,15110495.0,15107579.0,15110495.0
2025-06-21 00:19:00,15110495.0,15119173.0,15110495.0,15119173.0
2025-06-21 00:20:00,15119173.0,15119483.0,15119173.0,15119199.0
2025-06-21 00:21:00,15119199.0,15119199.0,15104731.0,15104731.0
2025-06-21 00:22:00,15104736.0,15107439.0,15100267.0,15100301.0
2025-06-21 00:23:00,15100301.0,15111399.0,15100301.0,15111399.0
2025-06-21 00:24:00,15111399.0,15116199.0,15111399.0,15114700.0
2025-06-21 00:25:00,15114700.0,15116700.0,15113401.0,15116700.0
2025-06-21 00:26:00,15116700.0,15120426.0,15116700.0,15120426.0
2025-06-21 00:27:00,15120426.0,15120700.0,15120426.0,15120700.0
2025-06-21 00:28:00,15120700.0,15125000.0,15120700.0,15125000.0
2025-06-21 00:29:00,15125000.0,15125000.0,15125000.0,15125000.0
2025-06-21 00:30:00,15125000.0,15133219.0,15125000.0,15131879.0
2025-06-21 00:31:00,15131879.0,15133219.0,15127623.0,15127623.0
2025-06-21 00:32:00,15124371.0,15124372.0,15124371.0,15124372.0
2025-06-21 00:33:00,15124372.0,15124373.0,15124372.0,15124372.0
2025-06-21 00:34:00,15124372.0,15124372.0,15124372.0,15124372.0
2025-06-21 00:35:00,15124372.0,15128844.0,15124372.0,15128353.0
2025-06-21 00:36:00,15128353.0,15128353.0,15125739.0,15125739.0
2025-06-21 00:37:00,15125736.0,15125736.0,15125736.0,15125736.0
2025-06-21 00:38:00,15125736.0,15125736.0,15123165.0,15123165.0
2025-06-21 00:39:00,15123165.0,15124114.0,15123165.0,15124114.0
2025-06-21 00:40:00,15124114.0,15124503.0,15124114.0,15124503.0
2025-06-21 00:41:00,15124503.0,15127948.0,15124503.0,15126554.0
2025-06-21 00:42:00,15126554.0,15129770.0,15126554.0,15126815.0
2025-06-21 00:43:00,15126815.0,15128975.0,15126814.0,15128975.0
2025-06-21 00:44:00,15128975.0,15131000.0,15126800.0,15128023.0
2025-06-21 00:45:00,15128023.0,15128023.0,15128023.0,15128023.0
2025-06-21 00:46:00,15128023.0,15128023.0,15121166.0,15121166.0
2025-06-21 00:47:00,15121166.0,15124697.0,15121166.0,15124400.0
2025-06-21 00:48:00,15124400.0,15124400.0,15124400.0,15124400.0
2025-06-21 00:49:00,15124400.0,15127737.0,15124397.0,15127737.0
2025-06-21 00:50:00,15127737.0,15127737.0,15125600.0,15125600.0
2025-06-21 00:51:00,15125600.0,15125600.0,15125600.0,15125600.0
2025-06-21 00:52:00,15125600.0,15127273.0,15125303.0,15125303.0
2025-06-21 00:53:00,15125303.0,15129980.0,15125303.0,15129980.0
2025-06-21 00:54:00,15129980.0,15132015.0,15129980.0,15130800.0
2025-06-21 00:55:00,15130800.0,15130800.0,15130398.0,15130398.0
2025-06-21 00:56:00,15130398.0,15130500.0,15125755.0,15125755.0
2025-06-21 00:57:00,15125755.0,15130300.0,15125103.0,15129800.0
2025-06-21 00:58:00,15129800.0,15130800.0,15128998.0,15128998.0
2025-06-21 00:59:00,15128998.0,15129699.0,15128998.0,15129699.0
2025-06-21 01:00:00,15129699.0,15129699.0,15129699.0,15129699.0
2025-06-21 01:01:00,15129699.0,15129699.0,15128300.0,15128300.0
2025-06-21 01:02:00,15128300.0,15129282.0,15125999.0,15125999.0
2025-06-21 01:03:00,15125999.0,15125999.0,15124891.0,15124891.0
2025-06-21 01:04:00,15124888.0,15124888.0,15120000.0,15121488.0
2025-06-21 01:05:00,15121488.0,15122086.0,15115400.0,15122086.0
2025-06-21 01:06:00,15122086.0,15123834.0,15122086.0,15123834.0
2025-06-21 01:07:00,15123834.0,15123834.0,15122392.0,15122489.0
2025-06-21 01:08:00,15122489.0,15122489.0,15121899.0,15122489.0
2025-06-21 01:09:00,15122489.0,15122492.0,15122489.0,15122492.0
2025-06-21 01:10:00,15122492.0,15122702.0,15122492.0,15122702.0
2025-06-21 01:11:00,15122702.0,15122706.0,15122489.0,15122489.0
2025-06-21 01:12:00,15122489.0,15122489.0,15122489.0,15122489.0
2025-06-21 01:13:00,15122489.0,15123000.0,15122489.0,15123000.0
2025-06-21 01:14:00,15123000.0,15123000.0,15123000.0,15123000.0
2025-06-21 01:15:00,15123000.0,15128800.0,15123000.0,15127116.0
2025-06-21 01:16:00,15126271.0,15126271.0,15125087.0,15125087.0
2025-06-21 01:17:00,15125087.0,15125087.0,15121212.0,15121212.0
2025-06-21 01:18:00,15121212.0,15121212.0,15117292.0,15117292.0
2025-06-21 01:19:00,15117292.0,15119392.0,15115555.0,15115800.0
2025-06-21 01:20:00,15115800.0,15115800.0,15113020.0,15113020.0
2025-06-21 01:21:00,15113020.0,15113020.0,15108334.0,15108334.0
2025-06-21 01:22:00,15108334.0,15117213.0,15108334.0,15117213.0
2025-06-21 01:23:00,15117213.0,15126596.0,15117213.0,15126472.0
2025-06-21 01:24:00,15126472.0,15128000.0,15126472.0,15126490.0
2025-06-21 01:25:00,15126490.0,15126490.0,15121203.0,15121205.0
2025-06-21 01:26:00,15121205.0,15129699.0,15121205.0,15129699.0
2025-06-21 01:27:00,15129699.0,15137427.0,15129699.0,15137427.0
2025-06-21 01:28:00,15137427.0,15137427.0,15137427.0,15137427.0
2025-06-21 01:29:00,15137427.0,15137427.0,15129540.0,15129805.0
2025-06-21 01:30:00,15129901.0,15137600.0,15129901.0,15137599.0
2025-06-21 01:31:00,15137499.0,15137499.0,15137197.0,15137499.0
2025-06-21 01:32:00,15137498.0,15138199.0,15135500.0,15138199.0
2025-06-21 01:33:00,15138199.0,15139999.0,15138199.0,15139999.0
2025-06-21 01:34:00,15139999.0,15140003.0,15130505.0,15135000.0
2025-06-21 01:35:00,15135000.0,15135000.0,15135000.0,15135000.0
2025-06-21 01:36:00,15135000.0,15137500.0,15135000.0,15137500.0
2025-06-21 01:37:00,15141197.0,15141197.0,15138200.0,15138200.0
2025-06-21 01:38:00,15138200.0,15138200.0,15138200.0,15138200.0
2025-06-21 01:39:00,15138200.0,15140997.0,15138200.0,15140997.0
2025-06-21 01:40:00,15140997.0,15140997.0,15140997.0,15140997.0
2025-06-21 01:41:00,15140997.0,15150000.0,15140997.0,15150000.0
2025-06-21 01:42:00,15150000.0,15150000.0,15147085.0,15147600.0
2025-06-21 01:43:00,15147600.0,15147600.0,15147600.0,15147600.0
2025-06-21 01:44:00,15147600.0,15148209.0,15147395.0,15148209.0
2025-06-21 01:45:00,15148209.0,15151499.0,15148209.0,15148901.0
2025-06-21 01:46:00,15148901.0,15148901.0,15144209.0,15148799.0
2025-06-21 01:47:00,15148799.0,15153696.0,15148799.0,15151800.0
2025-06-21 01:48:00,15151800.0,15154751.0,15151800.0,15153500.0
2025-06-21 01:49:00,15153500.0,15153500.0,15152700.0,15152700.0
2025-06-21 01:50:00,15152700.0,15153528.0,15148616.0,15148616.0
2025-06-21 01:51:00,15148616.0,15148616.0,15148616.0,15148616.0
2025-06-21 01:52:00,15148616.0,15153628.0,15148616.0,15151697.0
2025-06-21 01:53:00,15151697.0,15151697.0,15151697.0,15151697.0
2025-06-21 01:54:00,15151697.0,15153100.0,15151697.0,15153100.0
2025-06-21 01:55:00,15153100.0,15155555.0,15153100.0,15155555.0
2025-06-21 01:56:00,15155555.0,15158722.0,15155555.0,15157800.0
2025-06-21 01:57:00,15159800.0,15162399.0,15155101.0,15155105.0
2025-06-21 01:58:00,15155105.0,15159497.0,15155105.0,15159199.0
2025-06-21 01:59:00,15159199.0,15159498.0,15159184.0,15159492.0
2025-06-21 02:00:00,15159492.0,15166400.0,15159492.0,15165800.0
2025-06-21 02:01:00,15164000.0,15164000.0,15158200.0,15159071.0
2025-06-21 02:02:00,15159071.0,15159071.0,15159071.0,15159071.0
2025-06-21 02:03:00,15159071.0,15159071.0,15156597.0,15156597.0
2025-06-21 02:04:00,15156597.0,15156597.0,15151761.0,15151761.0
2025-06-21 02:05:00,15151761.0,15152398.0,15151761.0,15152398.0
2025-06-21 02:06:00,15152398.0,15152532.0,15150397.0,15150397.0
2025-06-21 02:07:00,15150397.0,15150397.0,15144655.0,15144655.0
2025-06-21 02:08:00,15144655.0,15148043.0,15144655.0,15148043.0
2025-06-21 02:09:00,15148043.0,15148046.0,15148042.0,15148042.0
2025-06-21 02:10:00,15148042.0,15148042.0,15143957.0,15143957.0
2025-06-21 02:11:00,15143957.0,15145335.0,15143957.0,15145335.0
2025-06-21 02:12:00,15145335.0,15147902.0,15145335.0,15147902.0
2025-06-21 02:13:00,15149184.0,15152200.0,15147400.0,15147403.0
2025-06-21 02:14:00,15147403.0,15151500.0,15147403.0,15150597.0
2025-06-21 02:15:00,15150597.0,15150597.0,15149198.0,15149198.0
2025-06-21 02:16:00,15149198.0,15150003.0,15149198.0,15150003.0
2025-06-21 02:17:00,15150003.0,15150003.0,15148796.0,15148796.0
2025-06-21 02:18:00,15148796.0,15148796.0,15144042.0,15144842.0
2025-06-21 02:19:00,15144843.0,15146171.0,15144843.0,15146171.0
2025-06-21 02:20:00,15146171.0,15148600.0,15146171.0,15147900.0
2025-06-21 02:21:00,15147900.0,15149100.0,15147900.0,15149100.0
2025-06-21 02:22:00,15149100.0,15149100.0,15144842.0,15148083.0
2025-06-21 02:23:00,15148083.0,15150000.0,15145503.0,15149997.0
2025-06-21 02:24:00,15149997.0,15149997.0,15146900.0,15146900.0
2025-06-21 02:25:00,15146900.0,15149300.0,15146900.0,15148200.0
2025-06-21 02:26:00,15148200.0,15148800.0,15148200.0,15148300.0
2025-06-21 02:27:00,15148300.0,15148300.0,15140449.0,15140449.0
2025-06-21 02:28:00,15140449.0,15141800.0,15140449.0,15141800.0
2025-06-21 02:29:00,15141800.0,15145797.0,15141800.0,15144700.0
2025-06-21 02:30:00,15144700.0,15144700.0,15144000.0,15144000.0
2025-06-21 02:31:00,15145500.0,15145900.0,15142600.0,15142600.0
2025-06-21 02:32:00,15142600.0,15145500.0,15142600.0,15145500.0
2025-06-21 02:33:00,15145500.0,15153537.0,15144137.0,15148200.0
2025-06-21 02:34:00,15148200.0,15150646.0,15148200.0,15150646.0
2025-06-21 02:35:00,15150646.0,15152300.0,15150646.0,15152300.0
2025-06-21 02:36:00,15152300.0,15159700.0,15152300.0,15159698.0
2025-06-21 02:37:00,15159698.0,15159698.0,15158691.0,15158691.0
2025-06-21 02:38:00,15158691.0,15160000.0,15158691.0,15159698.0
2025-06-21 02:39:00,15159698.0,15160000.0,15159095.0,15159095.0
2025-06-21 02:40:00,15159095.0,15159095.0,15151541.0,15152114.0
2025-06-21 02:41:00,15152114.0,15152600.0,15152114.0,15152600.0
2025-06-21 02:42:00,15152600.0,15153535.0,15152600.0,15153535.0
2025-06-21 02:43:00,15153535.0,15158661.0,15153535.0,15158400.0
2025-06-21 02:44:00,15158400.0,15158400.0,15157500.0,15158400.0
2025-06-21 02:45:00,15158400.0,15158400.0,15150000.0,15156298.0
2025-06-21 02:46:00,15156298.0,15156298.0,15152903.0,15152903.0
2025-06-21 02:47:00,15150000.0,15151894.0,15149730.0,15151558.0
2025-06-21 02:48:00,15151558.0,15155862.0,15151558.0,15155862.0
2025-06-21 02:49:00,15155862.0,15155862.0,15155862.0,15155862.0
2025-06-21 02:50:00,15155862.0,15158419.0,15155862.0,15158419.0
2025-06-21 02:51:00,15158419.0,15158419.0,15158419.0,15158419.0
2025-06-21 02:52:00,15156203.0,15158052.0,15152300.0,15158052.0
2025-06-21 02:53:00,15158052.0,15158052.0,15157496.0,15157497.0
2025-06-21 02:54:00,15157497.0,15160000.0,15157497.0,15160000.0
2025-06-21 02:55:00,15160000.0,15160000.0,15157098.0,15157098.0
2025-06-21 02:56:00,15157098.0,15158397.0,15157098.0,15158021.0
2025-06-21 02:57:00,15158021.0,15159098.0,15157498.0,15159098.0
2025-06-21 02:58:00,15159098.0,15159999.0,15159098.0,15159999.0
2025-06-21 02:59:00,15159999.0,15159999.0,15156503.0,15157611.0
2025-06-21 03:00:00,15157611.0,15161600.0,15157400.0,15161600.0
2025-06-21 03:01:00,15161600.0,15161600.0,15161600.0,15161600.0
2025-06-21 03:02:00,15161600.0,15164999.0,15161600.0,15164799.0
2025-06-21 03:03:00,15166666.0,15168800.0,15166666.0,15168800.0
2025-06-21 03:04:00,15168800.0,15169999.0,15162004.0,15163488.0
2025-06-21 03:05:00,15163488.0,15166997.0,15163488.0,15166997.0
2025-06-21 03:06:00,15166997.0,15166997.0,15165200.0,15165200.0
2025-06-21 03:10:00,15167498.0,15167498.0,15160417.0,15166497.0
2025-06-21 03:11:00,15166497.0,15166497.0,15163209.0,15163209.0
2025-06-21 03:12:00,15163209.0,15163209.0,15159800.0,15159800.0
